timestamp,ecg_measurement,qrs_detected
9.681304400000000000e+07,2.233626603999999904e+00,0.000000000000000000e+00
9.681696400000000000e+07,2.179863214400000082e+00,0.000000000000000000e+00
9.682089200000000000e+07,2.150537729199999859e+00,0.000000000000000000e+00
9.682481200000000000e+07,2.160312890999999791e+00,0.000000000000000000e+00
9.682873200000000000e+07,2.155425310100000047e+00,0.000000000000000000e+00
9.683266000000000000e+07,2.116324424700000151e+00,0.000000000000000000e+00
9.683658000000000000e+07,2.057673454200000140e+00,0.000000000000000000e+00
9.684050000000000000e+07,2.038123130699999841e+00,0.000000000000000000e+00
9.684442000000000000e+07,2.052785873399999961e+00,0.000000000000000000e+00
9.684834000000000000e+07,2.067448616000000072e+00,0.000000000000000000e+00
9.685225200000000000e+07,2.028347968999999917e+00,0.000000000000000000e+00
9.685615200000000000e+07,1.964809417699999949e+00,0.000000000000000000e+00
9.686005600000000000e+07,1.920821094499999937e+00,0.000000000000000000e+00
9.686397600000000000e+07,1.915933513599999971e+00,0.000000000000000000e+00
9.686791200000000000e+07,1.920821094499999937e+00,0.000000000000000000e+00
9.687182800000000000e+07,1.876832866600000038e+00,0.000000000000000000e+00
9.687575600000000000e+07,1.798631429600000109e+00,0.000000000000000000e+00
9.687968000000000000e+07,1.744868040000000065e+00,0.000000000000000000e+00
9.688358400000000000e+07,1.715542554800000064e+00,0.000000000000000000e+00
9.688750800000000000e+07,1.705767393099999918e+00,1.000000000000000000e+00
9.689143600000000000e+07,1.652003860400000024e+00,0.000000000000000000e+00
9.689534800000000000e+07,1.559139728499999933e+00,0.000000000000000000e+00
9.689928000000000000e+07,1.480938434600000075e+00,0.000000000000000000e+00
9.690319600000000000e+07,1.446725368400000100e+00,0.000000000000000000e+00
9.690711200000000000e+07,1.436950111300000055e+00,0.000000000000000000e+00
9.691103200000000000e+07,1.397849445300000104e+00,0.000000000000000000e+00
9.691495600000000000e+07,1.344086050900000107e+00,0.000000000000000000e+00
9.691886000000000000e+07,1.295210122999999935e+00,0.000000000000000000e+00
9.692278800000000000e+07,1.300097703899999901e+00,0.000000000000000000e+00
9.692668400000000000e+07,1.334310889199999961e+00,0.000000000000000000e+00
9.693060400000000000e+07,1.344086050900000107e+00,0.000000000000000000e+00
9.693451600000000000e+07,1.348973631800000073e+00,0.000000000000000000e+00
9.693844400000000000e+07,1.329423308299999995e+00,0.000000000000000000e+00
9.694236400000000000e+07,1.378299117000000074e+00,0.000000000000000000e+00
9.694628400000000000e+07,1.422287368699999943e+00,0.000000000000000000e+00
9.695020000000000000e+07,1.451612949300000066e+00,0.000000000000000000e+00
9.695412000000000000e+07,1.436950111300000055e+00,0.000000000000000000e+00
9.695803600000000000e+07,1.432062530500000097e+00,0.000000000000000000e+00
9.696196000000000000e+07,1.456500530200000032e+00,0.000000000000000000e+00
9.696587200000000000e+07,1.490713596299999999e+00,0.000000000000000000e+00
9.696978000000000000e+07,1.505376338900000110e+00,0.000000000000000000e+00
9.697369600000000000e+07,1.461388111099999998e+00,0.000000000000000000e+00
9.697762800000000000e+07,1.412512207000000020e+00,0.000000000000000000e+00
9.698154800000000000e+07,1.407624626100000054e+00,0.000000000000000000e+00
9.698547600000000000e+07,1.446725368400000100e+00,0.000000000000000000e+00
9.698940800000000000e+07,1.480938434600000075e+00,0.000000000000000000e+00
9.699332400000000000e+07,1.476050853700000109e+00,0.000000000000000000e+00
9.699723600000000000e+07,1.471163272799999922e+00,0.000000000000000000e+00
9.700116000000000000e+07,1.490713596299999999e+00,0.000000000000000000e+00
9.700508400000000000e+07,1.544476985900000043e+00,0.000000000000000000e+00
9.700899600000000000e+07,1.598240470799999979e+00,0.000000000000000000e+00
9.701290800000000000e+07,1.583577728200000090e+00,0.000000000000000000e+00
9.701682800000000000e+07,1.559139728499999933e+00,0.000000000000000000e+00
9.702075600000000000e+07,1.578690147299999902e+00,0.000000000000000000e+00
9.702467600000000000e+07,1.632453536899999946e+00,0.000000000000000000e+00
9.702860400000000000e+07,1.691104650400000020e+00,0.000000000000000000e+00
9.703251600000000000e+07,1.695992231299999986e+00,0.000000000000000000e+00
9.703644400000000000e+07,1.676441764800000067e+00,0.000000000000000000e+00
9.704036400000000000e+07,1.681329345700000033e+00,0.000000000000000000e+00
9.704429600000000000e+07,1.715542554800000064e+00,0.000000000000000000e+00
9.704821600000000000e+07,1.744868040000000065e+00,0.000000000000000000e+00
9.705212000000000000e+07,1.725317716499999987e+00,0.000000000000000000e+00
9.705604800000000000e+07,1.691104650400000020e+00,0.000000000000000000e+00
9.705996800000000000e+07,1.691104650400000020e+00,0.000000000000000000e+00
9.706388000000000000e+07,1.730205297399999953e+00,0.000000000000000000e+00
9.706779600000000000e+07,1.774193525300000074e+00,0.000000000000000000e+00
9.707172400000000000e+07,1.769305944400000108e+00,0.000000000000000000e+00
9.707564400000000000e+07,1.735092878299999919e+00,0.000000000000000000e+00
9.707956400000000000e+07,1.759530782599999954e+00,0.000000000000000000e+00
9.708348000000000000e+07,1.871945285700000072e+00,0.000000000000000000e+00
9.708739600000000000e+07,2.038123130699999841e+00,0.000000000000000000e+00
9.709131600000000000e+07,2.248289346600000016e+00,0.000000000000000000e+00
9.709524400000000000e+07,2.482893466899999790e+00,0.000000000000000000e+00
9.709915600000000000e+07,2.746823072399999788e+00,0.000000000000000000e+00
9.710308800000000000e+07,2.996089935300000118e+00,0.000000000000000000e+00
9.710699600000000000e+07,3.098729133600000019e+00,0.000000000000000000e+00
9.711091200000000000e+07,2.917888641299999808e+00,0.000000000000000000e+00
9.711483600000000000e+07,2.517106533000000201e+00,0.000000000000000000e+00
9.711875600000000000e+07,2.018572807299999994e+00,0.000000000000000000e+00
9.712266800000000000e+07,1.505376338900000110e+00,0.000000000000000000e+00
9.712658400000000000e+07,1.109481930699999896e+00,0.000000000000000000e+00
9.713049200000000000e+07,8.015640257999999685e-01,0.000000000000000000e+00
9.713439600000000000e+07,5.767350673000000150e-01,0.000000000000000000e+00
9.713830800000000000e+07,4.545454501999999786e-01,0.000000000000000000e+00
9.714221200000000000e+07,4.349951267000000121e-01,0.000000000000000000e+00
9.714612400000000000e+07,4.692081927999999791e-01,0.000000000000000000e+00
9.715002000000000000e+07,4.887585638999999982e-01,0.000000000000000000e+00
9.715392400000000000e+07,4.594330309999999917e-01,0.000000000000000000e+00
9.715782800000000000e+07,4.105571746000000188e-01,0.000000000000000000e+00
9.716174000000000000e+07,3.861192512000000132e-01,0.000000000000000000e+00
9.716566000000000000e+07,3.763440847000000256e-01,0.000000000000000000e+00
9.716958000000000000e+07,3.714565038000000041e-01,0.000000000000000000e+00
9.717349200000000000e+07,3.225806236000000049e-01,0.000000000000000000e+00
9.717740400000000000e+07,2.639296053999999891e-01,0.000000000000000000e+00
9.718131600000000000e+07,2.394916772000000027e-01,0.000000000000000000e+00
9.718523600000000000e+07,2.297165154999999959e-01,0.000000000000000000e+00
9.718914800000000000e+07,2.443792818999999950e-01,0.000000000000000000e+00
9.719306000000000000e+07,2.248289346000000022e-01,0.000000000000000000e+00
9.719697200000000000e+07,1.857282543000000063e-01,0.000000000000000000e+00
9.720090000000000000e+07,1.808406734000000127e-01,0.000000000000000000e+00
9.720481200000000000e+07,2.199413537000000085e-01,0.000000000000000000e+00
9.720873200000000000e+07,2.492668627999999886e-01,0.000000000000000000e+00
9.721265200000000000e+07,2.443792818999999950e-01,0.000000000000000000e+00
9.721657200000000000e+07,2.199413537000000085e-01,0.000000000000000000e+00
9.722048400000000000e+07,2.248289346000000022e-01,0.000000000000000000e+00
9.722440400000000000e+07,2.834799574999999905e-01,0.000000000000000000e+00
9.722831600000000000e+07,3.274682044000000181e-01,0.000000000000000000e+00
9.723222800000000000e+07,3.665689228999999827e-01,0.000000000000000000e+00
9.723613200000000000e+07,3.861192512000000132e-01,0.000000000000000000e+00
9.724003600000000000e+07,4.398827075000000253e-01,0.000000000000000000e+00
9.724393600000000000e+07,5.083088874000000201e-01,0.000000000000000000e+00
9.724783600000000000e+07,6.109481811000000429e-01,0.000000000000000000e+00
9.725174800000000000e+07,7.086998938999999886e-01,0.000000000000000000e+00
9.725566000000000000e+07,7.771260737999999835e-01,0.000000000000000000e+00
9.725956800000000000e+07,8.553275108000000237e-01,0.000000000000000000e+00
9.726347600000000000e+07,9.775171279000000046e-01,0.000000000000000000e+00
9.726739200000000000e+07,1.109481930699999896e+00,0.000000000000000000e+00
9.727130800000000000e+07,1.197458505600000001e+00,0.000000000000000000e+00
9.727522800000000000e+07,1.251221895200000045e+00,0.000000000000000000e+00
9.727914800000000000e+07,1.295210122999999935e+00,0.000000000000000000e+00
9.728305600000000000e+07,1.373411536199999894e+00,0.000000000000000000e+00
9.728699200000000000e+07,1.476050853700000109e+00,0.000000000000000000e+00
9.729090000000000000e+07,1.549364566800000009e+00,0.000000000000000000e+00
9.729482000000000000e+07,1.573802566499999944e+00,0.000000000000000000e+00
9.729874000000000000e+07,1.598240470799999979e+00,0.000000000000000000e+00
9.730265200000000000e+07,1.647116279600000066e+00,0.000000000000000000e+00
9.730658400000000000e+07,1.710654973900000098e+00,0.000000000000000000e+00
9.731050000000000000e+07,1.754643201799999996e+00,0.000000000000000000e+00
9.731442000000000000e+07,1.754643201799999996e+00,0.000000000000000000e+00
9.731834000000000000e+07,1.764418363499999920e+00,0.000000000000000000e+00
9.732227200000000000e+07,1.808406638999999982e+00,0.000000000000000000e+00
9.732616800000000000e+07,1.862170123999999927e+00,0.000000000000000000e+00
9.733007200000000000e+07,1.896383190099999894e+00,0.000000000000000000e+00
9.733398800000000000e+07,1.881720447500000004e+00,0.000000000000000000e+00
9.733791200000000000e+07,1.857282543099999961e+00,0.000000000000000000e+00
9.734184000000000000e+07,1.867057704899999893e+00,0.000000000000000000e+00
9.734574800000000000e+07,1.886608028399999970e+00,0.000000000000000000e+00
9.734966800000000000e+07,1.876832866600000038e+00,0.000000000000000000e+00
9.735358000000000000e+07,1.823069476999999994e+00,0.000000000000000000e+00
9.735750000000000000e+07,1.759530782599999954e+00,0.000000000000000000e+00
9.736142400000000000e+07,1.730205297399999953e+00,0.000000000000000000e+00
9.736533200000000000e+07,1.735092878299999919e+00,0.000000000000000000e+00
9.736925200000000000e+07,1.695992231299999986e+00,0.000000000000000000e+00
9.737316800000000000e+07,1.622678375200000023e+00,0.000000000000000000e+00
9.737709200000000000e+07,1.529814243299999932e+00,0.000000000000000000e+00
9.738101200000000000e+07,1.461388111099999998e+00,0.000000000000000000e+00
9.738494000000000000e+07,1.432062530500000097e+00,0.000000000000000000e+00
9.738886000000000000e+07,1.407624626100000054e+00,0.000000000000000000e+00
9.739278000000000000e+07,1.344086050900000107e+00,0.000000000000000000e+00
9.739667600000000000e+07,1.265884637799999934e+00,0.000000000000000000e+00
9.740060400000000000e+07,1.212121248199999890e+00,0.000000000000000000e+00
9.740453200000000000e+07,1.197458505600000001e+00,0.000000000000000000e+00
9.740844400000000000e+07,1.177908062900000052e+00,0.000000000000000000e+00
9.741235600000000000e+07,1.119257092400000042e+00,0.000000000000000000e+00
9.741626400000000000e+07,1.036168098399999904e+00,0.000000000000000000e+00
9.742016400000000000e+07,9.628542900000000015e-01,0.000000000000000000e+00
9.742406800000000000e+07,9.286412239000000346e-01,0.000000000000000000e+00
9.742798800000000000e+07,9.042033194999999912e-01,0.000000000000000000e+00
9.743189200000000000e+07,8.406646728000000124e-01,0.000000000000000000e+00
9.743580400000000000e+07,7.575757503000000170e-01,0.000000000000000000e+00
9.743970800000000000e+07,6.940371512999999881e-01,0.000000000000000000e+00
9.744362800000000000e+07,6.793744086999999876e-01,0.000000000000000000e+00
9.744754000000000000e+07,6.793744086999999876e-01,0.000000000000000000e+00
9.745145200000000000e+07,6.549364089000000444e-01,0.000000000000000000e+00
9.745535600000000000e+07,6.060606001999999659e-01,0.000000000000000000e+00
9.745924000000000000e+07,5.767350673000000150e-01,0.000000000000000000e+00
9.746314000000000000e+07,6.011730194000000083e-01,0.000000000000000000e+00
9.746704400000000000e+07,6.451612472000000098e-01,0.000000000000000000e+00
9.747096400000000000e+07,6.842619894999999453e-01,0.000000000000000000e+00
9.747488400000000000e+07,6.891495704000000222e-01,0.000000000000000000e+00
9.747879600000000000e+07,7.184750556000000232e-01,0.000000000000000000e+00
9.748270000000000000e+07,8.064516067000000454e-01,0.000000000000000000e+00
9.748661200000000000e+07,8.846529960000000248e-01,0.000000000000000000e+00
9.749051600000000000e+07,9.335288046999999922e-01,0.000000000000000000e+00
9.749442800000000000e+07,9.530791281999999587e-01,0.000000000000000000e+00
9.749834000000000000e+07,9.481915472999999928e-01,0.000000000000000000e+00
9.750225600000000000e+07,9.726295471000000470e-01,0.000000000000000000e+00
9.750615600000000000e+07,9.921798706000000134e-01,0.000000000000000000e+00
9.751006000000000000e+07,9.726295471000000470e-01,0.000000000000000000e+00
9.751398000000000000e+07,8.846529960000000248e-01,0.000000000000000000e+00
9.751788400000000000e+07,7.869012831999999680e-01,0.000000000000000000e+00
9.752179600000000000e+07,7.086998938999999886e-01,0.000000000000000000e+00
9.752569200000000000e+07,6.549364089000000444e-01,0.000000000000000000e+00
9.752960400000000000e+07,5.913978099000000155e-01,0.000000000000000000e+00
9.753351600000000000e+07,4.887585638999999982e-01,0.000000000000000000e+00
9.753742800000000000e+07,3.567937373999999773e-01,0.000000000000000000e+00
9.754134800000000000e+07,2.639296053999999891e-01,0.000000000000000000e+00
9.754526000000000000e+07,2.003910063999999880e-01,0.000000000000000000e+00
9.754914800000000000e+07,1.417399786999999911e-01,0.000000000000000000e+00
9.755306000000000000e+07,9.286412230000000434e-02,0.000000000000000000e+00
9.755698000000000000e+07,5.376344200000000156e-02,0.000000000000000000e+00
9.756089200000000000e+07,3.421309940000000216e-02,0.000000000000000000e+00
9.756480400000000000e+07,1.466275589999999941e-02,0.000000000000000000e+00
9.756870800000000000e+07,2.443792809999999899e-02,0.000000000000000000e+00
9.757262800000000000e+07,4.887585100000000314e-03,0.000000000000000000e+00
9.757650000000000000e+07,0.000000000000000000e+00,0.000000000000000000e+00
9.758032400000000000e+07,0.000000000000000000e+00,0.000000000000000000e+00
9.758417200000000000e+07,9.775170300000000229e-03,0.000000000000000000e+00
9.758806000000000000e+07,2.443792809999999899e-02,0.000000000000000000e+00
9.759198000000000000e+07,1.955034159999999993e-02,0.000000000000000000e+00
9.759590000000000000e+07,1.466275589999999941e-02,0.000000000000000000e+00
9.759981200000000000e+07,4.887585629999999931e-02,0.000000000000000000e+00
9.760372400000000000e+07,1.319648026999999946e-01,0.000000000000000000e+00
9.760762800000000000e+07,2.248289346000000022e-01,0.000000000000000000e+00
9.761154800000000000e+07,3.030303000999999830e-01,0.000000000000000000e+00
9.761544400000000000e+07,3.665689228999999827e-01,0.000000000000000000e+00
9.761936400000000000e+07,4.496578693000000126e-01,0.000000000000000000e+00
9.762327600000000000e+07,5.718474864000000490e-01,0.000000000000000000e+00
9.762717600000000000e+07,7.038123130000000227e-01,0.000000000000000000e+00
9.763107600000000000e+07,8.064516067000000454e-01,0.000000000000000000e+00
9.763498800000000000e+07,8.699902534000000243e-01,0.000000000000000000e+00
9.763890000000000000e+07,9.384163855999999582e-01,0.000000000000000000e+00
9.764281600000000000e+07,1.036168098399999904e+00,0.000000000000000000e+00
9.764672000000000000e+07,1.148582577700000051e+00,0.000000000000000000e+00
9.765064400000000000e+07,1.236559152599999933e+00,0.000000000000000000e+00
9.765457200000000000e+07,1.265884637799999934e+00,0.000000000000000000e+00
9.765849200000000000e+07,1.280547380400000046e+00,0.000000000000000000e+00
9.766240400000000000e+07,1.329423308299999995e+00,0.000000000000000000e+00
9.766632400000000000e+07,1.378299117000000074e+00,0.000000000000000000e+00
9.767024400000000000e+07,1.383186702699999993e+00,0.000000000000000000e+00
9.767414800000000000e+07,1.348973631800000073e+00,0.000000000000000000e+00
9.767806800000000000e+07,1.304985284800000089e+00,0.000000000000000000e+00
9.768198800000000000e+07,1.290322542099999970e+00,0.000000000000000000e+00
9.768590800000000000e+07,1.300097703899999901e+00,0.000000000000000000e+00
9.768981200000000000e+07,1.309872865600000047e+00,0.000000000000000000e+00
9.769372800000000000e+07,1.246334314300000079e+00,0.000000000000000000e+00
9.769764800000000000e+07,1.187683343800000069e+00,0.000000000000000000e+00
9.770156800000000000e+07,1.168132901099999899e+00,0.000000000000000000e+00
9.770548800000000000e+07,1.187683343800000069e+00,0.000000000000000000e+00
9.770941200000000000e+07,1.182795639000000065e+00,0.000000000000000000e+00
9.771332800000000000e+07,1.133919834999999932e+00,0.000000000000000000e+00
9.771724400000000000e+07,1.075268864599999930e+00,0.000000000000000000e+00
9.772114400000000000e+07,1.055718421899999981e+00,0.000000000000000000e+00
9.772505600000000000e+07,1.070381283699999964e+00,0.000000000000000000e+00
9.772897200000000000e+07,1.085044021599999908e+00,0.000000000000000000e+00
9.773287200000000000e+07,1.075268864599999930e+00,0.000000000000000000e+00
9.773678800000000000e+07,1.045943260100000050e+00,0.000000000000000000e+00
9.774069600000000000e+07,1.050830841000000015e+00,0.000000000000000000e+00
9.774460000000000000e+07,1.094819183300000054e+00,0.000000000000000000e+00
9.774852000000000000e+07,1.129032254199999974e+00,0.000000000000000000e+00
9.775244400000000000e+07,1.119257092400000042e+00,0.000000000000000000e+00
9.775636400000000000e+07,1.085044021599999908e+00,0.000000000000000000e+00
9.776027200000000000e+07,1.080156440699999942e+00,0.000000000000000000e+00
9.776416800000000000e+07,1.109481930699999896e+00,0.000000000000000000e+00
9.776807200000000000e+07,1.133919834999999932e+00,0.000000000000000000e+00
9.777199600000000000e+07,1.114369511600000084e+00,0.000000000000000000e+00
9.777592000000000000e+07,1.055718421899999981e+00,0.000000000000000000e+00
9.777984000000000000e+07,1.016617774900000049e+00,0.000000000000000000e+00
9.778375600000000000e+07,9.970674513999999711e-01,0.000000000000000000e+00
9.778766800000000000e+07,9.921798706000000134e-01,0.000000000000000000e+00
9.779158000000000000e+07,9.530791281999999587e-01,0.000000000000000000e+00
9.779550000000000000e+07,8.846529960000000248e-01,0.000000000000000000e+00
9.779941200000000000e+07,8.504399298999999468e-01,0.000000000000000000e+00
9.780331600000000000e+07,8.455523489999999809e-01,0.000000000000000000e+00
9.780721200000000000e+07,8.699902534000000243e-01,0.000000000000000000e+00
9.781112400000000000e+07,8.699902534000000243e-01,0.000000000000000000e+00
9.781502800000000000e+07,8.308895110999999778e-01,0.000000000000000000e+00
9.781894000000000000e+07,8.064516067000000454e-01,0.000000000000000000e+00
9.782284400000000000e+07,8.211143493000000460e-01,0.000000000000000000e+00
9.782675600000000000e+07,8.651026724999999473e-01,0.000000000000000000e+00
9.783066800000000000e+07,9.042033194999999912e-01,0.000000000000000000e+00
9.783457200000000000e+07,8.895405768999999907e-01,0.000000000000000000e+00
9.783847600000000000e+07,8.993157386000000253e-01,0.000000000000000000e+00
9.784239600000000000e+07,9.530791281999999587e-01,0.000000000000000000e+00
9.784630400000000000e+07,1.041055679300000092e+00,0.000000000000000000e+00
9.785020400000000000e+07,1.085044021599999908e+00,0.000000000000000000e+00
9.785411200000000000e+07,1.089931602400000088e+00,0.000000000000000000e+00
9.785802000000000000e+07,1.119257092400000042e+00,0.000000000000000000e+00
9.786194000000000000e+07,1.226783990800000002e+00,0.000000000000000000e+00
9.786586000000000000e+07,1.432062530500000097e+00,0.000000000000000000e+00
9.786977200000000000e+07,1.691104650400000020e+00,0.000000000000000000e+00
9.787368800000000000e+07,1.989247321999999984e+00,0.000000000000000000e+00
9.787760400000000000e+07,2.302052736199999838e+00,0.000000000000000000e+00
9.788152400000000000e+07,2.619745731300000102e+00,0.000000000000000000e+00
9.788545200000000000e+07,2.829911994899999783e+00,0.000000000000000000e+00
9.788937200000000000e+07,2.776148557600000011e+00,0.000000000000000000e+00
9.789329200000000000e+07,2.453567981700000011e+00,0.000000000000000000e+00
9.789721600000000000e+07,1.974584579400000095e+00,0.000000000000000000e+00
9.790113600000000000e+07,1.495601177199999965e+00,0.000000000000000000e+00
9.790505200000000000e+07,1.089931602400000088e+00,0.000000000000000000e+00
9.790896400000000000e+07,8.260019302000000119e-01,0.000000000000000000e+00
9.791286400000000000e+07,6.695992468999999447e-01,0.000000000000000000e+00
9.791677200000000000e+07,6.353860854999999752e-01,0.000000000000000000e+00
9.792068400000000000e+07,7.038123130000000227e-01,0.000000000000000000e+00
9.792458800000000000e+07,8.553275108000000237e-01,0.000000000000000000e+00
9.792849600000000000e+07,1.021505355800000014e+00,0.000000000000000000e+00
9.793240800000000000e+07,1.138807415899999897e+00,0.000000000000000000e+00
9.793632400000000000e+07,1.202346086499999966e+00,0.000000000000000000e+00
9.794022800000000000e+07,1.246334314300000079e+00,0.000000000000000000e+00
9.794414800000000000e+07,1.309872865600000047e+00,0.000000000000000000e+00
9.794806400000000000e+07,1.373411536199999894e+00,0.000000000000000000e+00
9.795198800000000000e+07,1.392961864399999916e+00,0.000000000000000000e+00
9.795591200000000000e+07,1.373411536199999894e+00,0.000000000000000000e+00
9.795983600000000000e+07,1.363636374399999962e+00,0.000000000000000000e+00
9.796376400000000000e+07,1.378299117000000074e+00,0.000000000000000000e+00
9.796768400000000000e+07,1.417399787899999986e+00,0.000000000000000000e+00
9.797161200000000000e+07,1.417399787899999986e+00,0.000000000000000000e+00
9.797554000000000000e+07,1.388074283499999950e+00,0.000000000000000000e+00
9.797946000000000000e+07,1.383186702699999993e+00,0.000000000000000000e+00
9.798337200000000000e+07,1.402737045200000088e+00,0.000000000000000000e+00
9.798729200000000000e+07,1.446725368400000100e+00,0.000000000000000000e+00
9.799121600000000000e+07,1.456500530200000032e+00,0.000000000000000000e+00
9.799512400000000000e+07,1.432062530500000097e+00,0.000000000000000000e+00
9.799903600000000000e+07,1.417399787899999986e+00,0.000000000000000000e+00
9.800296400000000000e+07,1.466275691899999956e+00,0.000000000000000000e+00
9.800688400000000000e+07,1.524926662399999966e+00,0.000000000000000000e+00
9.801081200000000000e+07,1.568914985599999978e+00,0.000000000000000000e+00
9.801474000000000000e+07,1.568914985599999978e+00,0.000000000000000000e+00
9.801866800000000000e+07,1.568914985599999978e+00,0.000000000000000000e+00
9.802259200000000000e+07,1.612903213500000099e+00,0.000000000000000000e+00
9.802651600000000000e+07,1.671554183900000101e+00,0.000000000000000000e+00
9.803043600000000000e+07,1.691104650400000020e+00,0.000000000000000000e+00
9.803434800000000000e+07,1.661779022199999956e+00,0.000000000000000000e+00
9.803826800000000000e+07,1.642228698700000100e+00,0.000000000000000000e+00
9.804219200000000000e+07,1.671554183900000101e+00,0.000000000000000000e+00
9.804612400000000000e+07,1.720430135700000029e+00,0.000000000000000000e+00
9.805003200000000000e+07,1.739980459200000107e+00,0.000000000000000000e+00
9.805395200000000000e+07,1.715542554800000064e+00,0.000000000000000000e+00
9.805788000000000000e+07,1.691104650400000020e+00,0.000000000000000000e+00
9.806180000000000000e+07,1.710654973900000098e+00,0.000000000000000000e+00
9.806571600000000000e+07,1.759530782599999954e+00,0.000000000000000000e+00
9.806963600000000000e+07,1.793743848799999929e+00,0.000000000000000000e+00
9.807355600000000000e+07,1.788856267899999963e+00,0.000000000000000000e+00
9.807747600000000000e+07,1.774193525300000074e+00,0.000000000000000000e+00
9.808140800000000000e+07,1.808406638999999982e+00,0.000000000000000000e+00
9.808531200000000000e+07,1.871945285700000072e+00,0.000000000000000000e+00
9.808922800000000000e+07,1.930596256200000083e+00,0.000000000000000000e+00
9.809314400000000000e+07,1.925708675299999895e+00,0.000000000000000000e+00
9.809704800000000000e+07,1.925708675299999895e+00,0.000000000000000000e+00
9.810096800000000000e+07,1.959921836799999983e+00,0.000000000000000000e+00
9.810488400000000000e+07,2.033235549900000105e+00,0.000000000000000000e+00
9.810880400000000000e+07,2.096774101199999851e+00,0.000000000000000000e+00
9.811272400000000000e+07,2.101661682100000039e+00,0.000000000000000000e+00
9.811665200000000000e+07,2.086998939499999928e+00,0.000000000000000000e+00
9.812056400000000000e+07,2.096774101199999851e+00,0.000000000000000000e+00
9.812448400000000000e+07,2.145650148300000115e+00,0.000000000000000000e+00
9.812840400000000000e+07,2.184750795299999826e+00,0.000000000000000000e+00
9.813232400000000000e+07,2.174975633599999902e+00,0.000000000000000000e+00
9.813625200000000000e+07,2.121212005599999895e+00,0.000000000000000000e+00
9.814015600000000000e+07,2.096774101199999851e+00,0.000000000000000000e+00
9.814406800000000000e+07,2.111436843799999963e+00,0.000000000000000000e+00
9.814799600000000000e+07,2.096774101199999851e+00,0.000000000000000000e+00
9.815190800000000000e+07,2.043010711600000029e+00,0.000000000000000000e+00
9.815582400000000000e+07,1.950146675100000060e+00,0.000000000000000000e+00
9.815974800000000000e+07,1.881720447500000004e+00,0.000000000000000000e+00
9.816366400000000000e+07,1.847507381400000037e+00,0.000000000000000000e+00
9.816758400000000000e+07,1.837732219600000105e+00,0.000000000000000000e+00
9.817150800000000000e+07,1.793743848799999929e+00,0.000000000000000000e+00
9.817544000000000000e+07,1.725317716499999987e+00,0.000000000000000000e+00
9.817936400000000000e+07,1.705767393099999918e+00,0.000000000000000000e+00
9.818329600000000000e+07,1.710654973900000098e+00,0.000000000000000000e+00
9.818720000000000000e+07,1.744868040000000065e+00,0.000000000000000000e+00
9.819110800000000000e+07,1.754643201799999996e+00,0.000000000000000000e+00
9.819503200000000000e+07,1.730205297399999953e+00,0.000000000000000000e+00
9.819895200000000000e+07,1.730205297399999953e+00,0.000000000000000000e+00
9.820286800000000000e+07,1.774193525300000074e+00,0.000000000000000000e+00
9.820680000000000000e+07,1.842619800500000071e+00,0.000000000000000000e+00
9.821071200000000000e+07,1.886608028399999970e+00,0.000000000000000000e+00
9.821462800000000000e+07,1.891495609199999928e+00,0.000000000000000000e+00
9.821854800000000000e+07,1.891495609199999928e+00,0.000000000000000000e+00
9.822247200000000000e+07,1.940371513299999906e+00,0.000000000000000000e+00
9.822639600000000000e+07,2.008797645500000062e+00,0.000000000000000000e+00
9.823030800000000000e+07,2.052785873399999961e+00,0.000000000000000000e+00
9.823421200000000000e+07,2.052785873399999961e+00,0.000000000000000000e+00
9.823813200000000000e+07,2.052785873399999961e+00,0.000000000000000000e+00
9.824204400000000000e+07,2.086998939499999928e+00,0.000000000000000000e+00
9.824596400000000000e+07,2.140762567499999935e+00,0.000000000000000000e+00
9.824989200000000000e+07,2.179863214400000082e+00,0.000000000000000000e+00
9.825381200000000000e+07,2.174975633599999902e+00,0.000000000000000000e+00
9.825774000000000000e+07,2.165200471799999971e+00,0.000000000000000000e+00
9.826166000000000000e+07,2.189638376200000014e+00,0.000000000000000000e+00
9.826558800000000000e+07,2.238514184900000092e+00,0.000000000000000000e+00
9.826951600000000000e+07,2.267839670099999871e+00,0.000000000000000000e+00
9.827344400000000000e+07,2.238514184900000092e+00,0.000000000000000000e+00
9.827736400000000000e+07,2.189638376200000014e+00,0.000000000000000000e+00
9.828129200000000000e+07,2.179863214400000082e+00,0.000000000000000000e+00
9.828521200000000000e+07,2.199413537899999938e+00,0.000000000000000000e+00
9.828914000000000000e+07,2.209188699699999869e+00,0.000000000000000000e+00
9.829305200000000000e+07,2.179863214400000082e+00,0.000000000000000000e+00
9.829698000000000000e+07,2.121212005599999895e+00,0.000000000000000000e+00
9.830089200000000000e+07,2.091886520300000107e+00,0.000000000000000000e+00
9.830480400000000000e+07,2.111436843799999963e+00,0.000000000000000000e+00
9.830873200000000000e+07,2.116324424700000151e+00,0.000000000000000000e+00
9.831266000000000000e+07,2.067448616000000072e+00,0.000000000000000000e+00
9.831657200000000000e+07,2.008797645500000062e+00,0.000000000000000000e+00
9.832048000000000000e+07,1.989247321999999984e+00,0.000000000000000000e+00
9.832439200000000000e+07,1.989247321999999984e+00,0.000000000000000000e+00
9.832830800000000000e+07,2.008797645500000062e+00,0.000000000000000000e+00
9.833221600000000000e+07,1.989247321999999984e+00,0.000000000000000000e+00
9.833613200000000000e+07,1.950146675100000060e+00,0.000000000000000000e+00
9.834004800000000000e+07,1.935483837100000049e+00,0.000000000000000000e+00
9.834397200000000000e+07,1.969696998499999907e+00,0.000000000000000000e+00
9.834788800000000000e+07,1.984359741200000027e+00,0.000000000000000000e+00
9.835181200000000000e+07,1.969696998499999907e+00,0.000000000000000000e+00
9.835573600000000000e+07,1.915933513599999971e+00,0.000000000000000000e+00
9.835966400000000000e+07,1.886608028399999970e+00,0.000000000000000000e+00
9.836357600000000000e+07,1.901270771000000082e+00,0.000000000000000000e+00
9.836748400000000000e+07,1.930596256200000083e+00,0.000000000000000000e+00
9.837140800000000000e+07,1.920821094499999937e+00,0.000000000000000000e+00
9.837532400000000000e+07,1.881720447500000004e+00,0.000000000000000000e+00
9.837924000000000000e+07,1.871945285700000072e+00,0.000000000000000000e+00
9.838315600000000000e+07,1.881720447500000004e+00,0.000000000000000000e+00
9.838707200000000000e+07,1.930596256200000083e+00,0.000000000000000000e+00
9.839098400000000000e+07,1.940371513299999906e+00,0.000000000000000000e+00
9.839490400000000000e+07,1.915933513599999971e+00,0.000000000000000000e+00
9.839883200000000000e+07,1.901270771000000082e+00,0.000000000000000000e+00
9.840274400000000000e+07,1.935483837100000049e+00,0.000000000000000000e+00
9.840667200000000000e+07,1.979472160300000061e+00,0.000000000000000000e+00
9.841058400000000000e+07,1.994134902899999950e+00,0.000000000000000000e+00
9.841449200000000000e+07,1.969696998499999907e+00,0.000000000000000000e+00
9.841841600000000000e+07,1.955034255900000018e+00,0.000000000000000000e+00
9.842233600000000000e+07,1.984359741200000027e+00,0.000000000000000000e+00
9.842626000000000000e+07,2.043010711600000029e+00,0.000000000000000000e+00
9.843016400000000000e+07,2.072336196799999808e+00,0.000000000000000000e+00
9.843407600000000000e+07,2.052785873399999961e+00,0.000000000000000000e+00
9.843798800000000000e+07,2.038123130699999841e+00,0.000000000000000000e+00
9.844190000000000000e+07,2.062561035099999884e+00,0.000000000000000000e+00
9.844582000000000000e+07,2.106549262999999783e+00,0.000000000000000000e+00
9.844974000000000000e+07,2.130987405700000004e+00,0.000000000000000000e+00
9.845366000000000000e+07,2.106549262999999783e+00,0.000000000000000000e+00
9.845757200000000000e+07,2.086998939499999928e+00,0.000000000000000000e+00
9.846149200000000000e+07,2.091886520300000107e+00,0.000000000000000000e+00
9.846540400000000000e+07,2.145650148300000115e+00,0.000000000000000000e+00
9.846932400000000000e+07,2.184750795299999826e+00,0.000000000000000000e+00
9.847323600000000000e+07,2.174975633599999902e+00,0.000000000000000000e+00
9.847714800000000000e+07,2.150537729199999859e+00,0.000000000000000000e+00
9.848105200000000000e+07,2.165200471799999971e+00,0.000000000000000000e+00
9.848497200000000000e+07,2.194525957100000202e+00,0.000000000000000000e+00
9.848890000000000000e+07,2.228739023200000169e+00,0.000000000000000000e+00
9.849282000000000000e+07,2.209188699699999869e+00,0.000000000000000000e+00
9.849673200000000000e+07,2.170088052700000159e+00,0.000000000000000000e+00
9.850064400000000000e+07,2.165200471799999971e+00,0.000000000000000000e+00
9.850455600000000000e+07,2.209188699699999869e+00,0.000000000000000000e+00
9.850847600000000000e+07,2.253176927500000204e+00,0.000000000000000000e+00
9.851240400000000000e+07,2.233626603999999904e+00,0.000000000000000000e+00
9.851632400000000000e+07,2.199413537899999938e+00,0.000000000000000000e+00
9.852024400000000000e+07,2.204301118800000125e+00,0.000000000000000000e+00
9.852415200000000000e+07,2.253176927500000204e+00,0.000000000000000000e+00
9.852806800000000000e+07,2.287389993600000171e+00,0.000000000000000000e+00
9.853198800000000000e+07,2.272727251000000059e+00,0.000000000000000000e+00
9.853590800000000000e+07,2.223851442299999981e+00,0.000000000000000000e+00
9.853983600000000000e+07,2.199413537899999938e+00,0.000000000000000000e+00
9.854376400000000000e+07,2.233626603999999904e+00,0.000000000000000000e+00
9.854767600000000000e+07,2.258064508399999948e+00,0.000000000000000000e+00
9.855158800000000000e+07,2.248289346600000016e+00,0.000000000000000000e+00
9.855550800000000000e+07,2.199413537899999938e+00,0.000000000000000000e+00
9.855943600000000000e+07,2.165200471799999971e+00,0.000000000000000000e+00
9.856335600000000000e+07,2.160312890999999791e+00,0.000000000000000000e+00
9.856726800000000000e+07,2.170088052700000159e+00,0.000000000000000000e+00
9.857116400000000000e+07,2.130987405700000004e+00,0.000000000000000000e+00
9.857506800000000000e+07,2.052785873399999961e+00,0.000000000000000000e+00
9.857899200000000000e+07,1.984359741200000027e+00,0.000000000000000000e+00
9.858292000000000000e+07,1.964809417699999949e+00,0.000000000000000000e+00
9.858684000000000000e+07,1.969696998499999907e+00,0.000000000000000000e+00
9.859075600000000000e+07,1.950146675100000060e+00,0.000000000000000000e+00
9.859468000000000000e+07,1.896383190099999894e+00,0.000000000000000000e+00
9.859859600000000000e+07,1.852394962300000003e+00,0.000000000000000000e+00
9.860252800000000000e+07,1.857282543099999961e+00,0.000000000000000000e+00
9.860645600000000000e+07,1.862170123999999927e+00,0.000000000000000000e+00
9.861037600000000000e+07,1.867057704899999893e+00,0.000000000000000000e+00
9.861429200000000000e+07,1.832844638799999926e+00,0.000000000000000000e+00
9.861820400000000000e+07,1.813294315300000070e+00,0.000000000000000000e+00
9.862213200000000000e+07,1.842619800500000071e+00,0.000000000000000000e+00
9.862604800000000000e+07,1.896383190099999894e+00,0.000000000000000000e+00
9.862996800000000000e+07,1.925708675299999895e+00,0.000000000000000000e+00
9.863389200000000000e+07,1.891495609199999928e+00,0.000000000000000000e+00
9.863780800000000000e+07,1.867057704899999893e+00,0.000000000000000000e+00
9.864171600000000000e+07,1.891495609199999928e+00,0.000000000000000000e+00
9.864564000000000000e+07,1.994134902899999950e+00,0.000000000000000000e+00
9.864955600000000000e+07,2.145650148300000115e+00,0.000000000000000000e+00
9.865347600000000000e+07,2.331378221500000070e+00,0.000000000000000000e+00
9.865740400000000000e+07,2.570869922600000024e+00,0.000000000000000000e+00
9.866131600000000000e+07,2.888563156100000029e+00,0.000000000000000000e+00
9.866523600000000000e+07,3.230694055499999884e+00,0.000000000000000000e+00
9.866914800000000000e+07,3.479960918400000214e+00,0.000000000000000000e+00
9.867306400000000000e+07,3.460410594899999914e+00,0.000000000000000000e+00
9.867697200000000000e+07,3.176930665900000061e+00,0.000000000000000000e+00
9.868088400000000000e+07,2.761485814999999899e+00,0.000000000000000000e+00
9.868479600000000000e+07,2.267839670099999871e+00,0.000000000000000000e+00
9.868872000000000000e+07,1.823069476999999994e+00,0.000000000000000000e+00
9.869262800000000000e+07,1.441837787599999920e+00,0.000000000000000000e+00
9.869655600000000000e+07,1.202346086499999966e+00,0.000000000000000000e+00
9.870047600000000000e+07,1.124144673300000008e+00,0.000000000000000000e+00
9.870440000000000000e+07,1.187683343800000069e+00,0.000000000000000000e+00
9.870831600000000000e+07,1.309872865600000047e+00,0.000000000000000000e+00
9.871222800000000000e+07,1.412512207000000020e+00,0.000000000000000000e+00
9.871614800000000000e+07,1.485826015400000033e+00,0.000000000000000000e+00
9.872006000000000000e+07,1.549364566800000009e+00,0.000000000000000000e+00
9.872398800000000000e+07,1.627565956099999989e+00,0.000000000000000000e+00
9.872790800000000000e+07,1.676441764800000067e+00,0.000000000000000000e+00
9.873183600000000000e+07,1.691104650400000020e+00,0.000000000000000000e+00
9.873574800000000000e+07,1.661779022199999956e+00,0.000000000000000000e+00
9.873967600000000000e+07,1.647116279600000066e+00,0.000000000000000000e+00
9.874360800000000000e+07,1.671554183900000101e+00,0.000000000000000000e+00
9.874753200000000000e+07,1.705767393099999918e+00,0.000000000000000000e+00
9.875145200000000000e+07,1.705767393099999918e+00,0.000000000000000000e+00
9.875537200000000000e+07,1.656891441299999990e+00,0.000000000000000000e+00
9.875930000000000000e+07,1.627565956099999989e+00,0.000000000000000000e+00
9.876322000000000000e+07,1.642228698700000100e+00,0.000000000000000000e+00
9.876714000000000000e+07,1.686216926499999991e+00,0.000000000000000000e+00
9.877105600000000000e+07,1.691104650400000020e+00,0.000000000000000000e+00
9.877496400000000000e+07,1.661779022199999956e+00,0.000000000000000000e+00
9.877888400000000000e+07,1.656891441299999990e+00,0.000000000000000000e+00
9.878281200000000000e+07,1.691104650400000020e+00,0.000000000000000000e+00
9.878672800000000000e+07,1.744868040000000065e+00,0.000000000000000000e+00
9.879063200000000000e+07,1.779081106100000031e+00,0.000000000000000000e+00
9.879454400000000000e+07,1.769305944400000108e+00,0.000000000000000000e+00
9.879845200000000000e+07,1.764418363499999920e+00,0.000000000000000000e+00
9.880238400000000000e+07,1.788856267899999963e+00,0.000000000000000000e+00
9.880631200000000000e+07,1.827957057899999960e+00,0.000000000000000000e+00
9.881022400000000000e+07,1.842619800500000071e+00,0.000000000000000000e+00
9.881413200000000000e+07,1.818181896200000036e+00,0.000000000000000000e+00
9.881804400000000000e+07,1.798631429600000109e+00,0.000000000000000000e+00
9.882197200000000000e+07,1.818181896200000036e+00,0.000000000000000000e+00
9.882590000000000000e+07,1.852394962300000003e+00,0.000000000000000000e+00
9.882983200000000000e+07,1.871945285700000072e+00,0.000000000000000000e+00
9.883376000000000000e+07,1.837732219600000105e+00,0.000000000000000000e+00
9.883768400000000000e+07,1.803519058200000025e+00,0.000000000000000000e+00
9.884159600000000000e+07,1.798631429600000109e+00,0.000000000000000000e+00
9.884552800000000000e+07,1.837732219600000105e+00,0.000000000000000000e+00
9.884945600000000000e+07,1.867057704899999893e+00,0.000000000000000000e+00
9.885336800000000000e+07,1.852394962300000003e+00,0.000000000000000000e+00
9.885729200000000000e+07,1.818181896200000036e+00,0.000000000000000000e+00
9.886122000000000000e+07,1.832844638799999926e+00,0.000000000000000000e+00
9.886514000000000000e+07,1.886608028399999970e+00,0.000000000000000000e+00
9.886904800000000000e+07,1.930596256200000083e+00,0.000000000000000000e+00
9.887296800000000000e+07,1.930596256200000083e+00,0.000000000000000000e+00
9.887688800000000000e+07,1.901270771000000082e+00,0.000000000000000000e+00
9.888080000000000000e+07,1.920821094499999937e+00,0.000000000000000000e+00
9.888470400000000000e+07,1.959921836799999983e+00,0.000000000000000000e+00
9.888862400000000000e+07,1.989247321999999984e+00,0.000000000000000000e+00
9.889254400000000000e+07,1.959921836799999983e+00,0.000000000000000000e+00
9.889646400000000000e+07,1.886608028399999970e+00,0.000000000000000000e+00
9.890037600000000000e+07,1.842619800500000071e+00,0.000000000000000000e+00
9.890429600000000000e+07,1.837732219600000105e+00,0.000000000000000000e+00
9.890821600000000000e+07,1.832844638799999926e+00,0.000000000000000000e+00
9.891213200000000000e+07,1.783968686999999997e+00,0.000000000000000000e+00
9.891604000000000000e+07,1.700879812199999952e+00,0.000000000000000000e+00
9.891995600000000000e+07,1.647116279600000066e+00,0.000000000000000000e+00
9.892388400000000000e+07,1.637341117799999912e+00,0.000000000000000000e+00
9.892781200000000000e+07,1.632453536899999946e+00,0.000000000000000000e+00
9.893174000000000000e+07,1.598240470799999979e+00,0.000000000000000000e+00
9.893564400000000000e+07,1.515151500700000042e+00,0.000000000000000000e+00
9.893956400000000000e+07,1.461388111099999998e+00,0.000000000000000000e+00
9.894349200000000000e+07,1.441837787599999920e+00,0.000000000000000000e+00
9.894742400000000000e+07,1.427174949599999909e+00,0.000000000000000000e+00
9.895134800000000000e+07,1.368523955299999928e+00,0.000000000000000000e+00
9.895526000000000000e+07,1.270772218699999900e+00,0.000000000000000000e+00
9.895918000000000000e+07,1.192570924700000035e+00,0.000000000000000000e+00
9.896309200000000000e+07,1.153470158500000009e+00,0.000000000000000000e+00
9.896700800000000000e+07,1.133919834999999932e+00,0.000000000000000000e+00
9.897093200000000000e+07,1.104594349799999931e+00,0.000000000000000000e+00
9.897484000000000000e+07,1.021505355800000014e+00,0.000000000000000000e+00
9.897874800000000000e+07,9.677418707999999592e-01,0.000000000000000000e+00
9.898266000000000000e+07,9.579667091000000356e-01,0.000000000000000000e+00
9.898657200000000000e+07,9.775171279000000046e-01,0.000000000000000000e+00
9.899049200000000000e+07,9.824047087999999706e-01,0.000000000000000000e+00
9.899439600000000000e+07,9.237536429999999577e-01,0.000000000000000000e+00
9.899830800000000000e+07,8.748778342999999902e-01,0.000000000000000000e+00
9.900221200000000000e+07,8.797654150999999478e-01,0.000000000000000000e+00
9.900613200000000000e+07,9.188660620999999917e-01,0.000000000000000000e+00
9.901003600000000000e+07,9.286412239000000346e-01,0.000000000000000000e+00
9.901395600000000000e+07,9.090909003999999571e-01,0.000000000000000000e+00
9.901783600000000000e+07,8.895405768999999907e-01,0.000000000000000000e+00
9.902174000000000000e+07,9.042033194999999912e-01,0.000000000000000000e+00
9.902564400000000000e+07,9.530791281999999587e-01,0.000000000000000000e+00
9.902955600000000000e+07,9.921798706000000134e-01,0.000000000000000000e+00
9.903346800000000000e+07,9.970674513999999711e-01,0.000000000000000000e+00
9.903738000000000000e+07,9.872922897000000475e-01,0.000000000000000000e+00
9.904129600000000000e+07,1.016617774900000049e+00,0.000000000000000000e+00
9.904519600000000000e+07,1.075268864599999930e+00,0.000000000000000000e+00
9.904910000000000000e+07,1.119257092400000042e+00,0.000000000000000000e+00
9.905301600000000000e+07,1.129032254199999974e+00,0.000000000000000000e+00
9.905694000000000000e+07,1.099706764200000020e+00,0.000000000000000000e+00
9.906084000000000000e+07,1.109481930699999896e+00,0.000000000000000000e+00
9.906474400000000000e+07,1.148582577700000051e+00,0.000000000000000000e+00
9.906866800000000000e+07,1.192570924700000035e+00,0.000000000000000000e+00
9.907258800000000000e+07,1.202346086499999966e+00,0.000000000000000000e+00
9.907650800000000000e+07,1.192570924700000035e+00,0.000000000000000000e+00
9.908042800000000000e+07,1.202346086499999966e+00,0.000000000000000000e+00
9.908434000000000000e+07,1.265884637799999934e+00,0.000000000000000000e+00
9.908825200000000000e+07,1.334310889199999961e+00,0.000000000000000000e+00
9.909216800000000000e+07,1.358748793600000004e+00,0.000000000000000000e+00
9.909608400000000000e+07,1.334310889199999961e+00,0.000000000000000000e+00
9.910000400000000000e+07,1.329423308299999995e+00,0.000000000000000000e+00
9.910392400000000000e+07,1.363636374399999962e+00,0.000000000000000000e+00
9.910786000000000000e+07,1.402737045200000088e+00,0.000000000000000000e+00
9.911177200000000000e+07,1.383186702699999993e+00,0.000000000000000000e+00
9.911570000000000000e+07,1.334310889199999961e+00,0.000000000000000000e+00
9.911962800000000000e+07,1.314760565700000106e+00,0.000000000000000000e+00
9.912355600000000000e+07,1.334310889199999961e+00,0.000000000000000000e+00
9.912748000000000000e+07,1.358748793600000004e+00,0.000000000000000000e+00
9.913140400000000000e+07,1.353861212700000038e+00,0.000000000000000000e+00
9.913532400000000000e+07,1.304985284800000089e+00,0.000000000000000000e+00
9.913923600000000000e+07,1.275659799500000080e+00,0.000000000000000000e+00
9.914315600000000000e+07,1.290322542099999970e+00,0.000000000000000000e+00
9.914707600000000000e+07,1.319648146600000072e+00,0.000000000000000000e+00
9.915101200000000000e+07,1.314760565700000106e+00,0.000000000000000000e+00
9.915492400000000000e+07,1.270772218699999900e+00,0.000000000000000000e+00
9.915884400000000000e+07,1.207233667299999924e+00,0.000000000000000000e+00
9.916276400000000000e+07,1.202346086499999966e+00,0.000000000000000000e+00
9.916667600000000000e+07,1.226783990800000002e+00,0.000000000000000000e+00
9.917058800000000000e+07,1.236559152599999933e+00,0.000000000000000000e+00
9.917450800000000000e+07,1.197458505600000001e+00,0.000000000000000000e+00
9.917842000000000000e+07,1.163245320299999941e+00,0.000000000000000000e+00
9.918234000000000000e+07,1.153470158500000009e+00,0.000000000000000000e+00
9.918624800000000000e+07,1.187683343800000069e+00,0.000000000000000000e+00
9.919016400000000000e+07,1.197458505600000001e+00,0.000000000000000000e+00
9.919407200000000000e+07,1.158357739399999975e+00,0.000000000000000000e+00
9.919799600000000000e+07,1.119257092400000042e+00,0.000000000000000000e+00
9.920191600000000000e+07,1.119257092400000042e+00,0.000000000000000000e+00
9.920583200000000000e+07,1.173020482000000086e+00,0.000000000000000000e+00
9.920974800000000000e+07,1.207233667299999924e+00,0.000000000000000000e+00
9.921366800000000000e+07,1.202346086499999966e+00,0.000000000000000000e+00
9.921758800000000000e+07,1.177908062900000052e+00,0.000000000000000000e+00
9.922148800000000000e+07,1.187683343800000069e+00,0.000000000000000000e+00
9.922541200000000000e+07,1.226783990800000002e+00,0.000000000000000000e+00
9.922933200000000000e+07,1.270772218699999900e+00,0.000000000000000000e+00
9.923324400000000000e+07,1.260997056899999968e+00,0.000000000000000000e+00
9.923715200000000000e+07,1.236559152599999933e+00,0.000000000000000000e+00
9.924106800000000000e+07,1.246334314300000079e+00,0.000000000000000000e+00
9.924498800000000000e+07,1.280547380400000046e+00,0.000000000000000000e+00
9.924890000000000000e+07,1.295210122999999935e+00,0.000000000000000000e+00
9.925282000000000000e+07,1.280547380400000046e+00,0.000000000000000000e+00
9.925673200000000000e+07,1.231671571699999967e+00,0.000000000000000000e+00
9.926066000000000000e+07,1.231671571699999967e+00,0.000000000000000000e+00
9.926458800000000000e+07,1.285434961300000012e+00,0.000000000000000000e+00
9.926851200000000000e+07,1.339198470099999927e+00,0.000000000000000000e+00
9.927243600000000000e+07,1.353861212700000038e+00,0.000000000000000000e+00
9.927636400000000000e+07,1.334310889199999961e+00,0.000000000000000000e+00
9.928029200000000000e+07,1.339198470099999927e+00,0.000000000000000000e+00
9.928421200000000000e+07,1.378299117000000074e+00,0.000000000000000000e+00
9.928811600000000000e+07,1.427174949599999909e+00,0.000000000000000000e+00
9.929204000000000000e+07,1.436950111300000055e+00,0.000000000000000000e+00
9.929596400000000000e+07,1.407624626100000054e+00,0.000000000000000000e+00
9.929989200000000000e+07,1.407624626100000054e+00,0.000000000000000000e+00
9.930381600000000000e+07,1.466275691899999956e+00,0.000000000000000000e+00
9.930774000000000000e+07,1.539589405000000077e+00,0.000000000000000000e+00
9.931165200000000000e+07,1.564027404700000012e+00,0.000000000000000000e+00
9.931556400000000000e+07,1.544476985900000043e+00,0.000000000000000000e+00
9.931948400000000000e+07,1.544476985900000043e+00,0.000000000000000000e+00
9.932341200000000000e+07,1.578690147299999902e+00,0.000000000000000000e+00
9.932733200000000000e+07,1.627565956099999989e+00,0.000000000000000000e+00
9.933125200000000000e+07,1.652003860400000024e+00,0.000000000000000000e+00
9.933515600000000000e+07,1.642228698700000100e+00,0.000000000000000000e+00
9.933907600000000000e+07,1.627565956099999989e+00,0.000000000000000000e+00
9.934300400000000000e+07,1.642228698700000100e+00,0.000000000000000000e+00
9.934692400000000000e+07,1.666666602999999913e+00,0.000000000000000000e+00
9.935084400000000000e+07,1.656891441299999990e+00,0.000000000000000000e+00
9.935476400000000000e+07,1.603128051699999945e+00,0.000000000000000000e+00
9.935867600000000000e+07,1.554252147599999967e+00,0.000000000000000000e+00
9.936260400000000000e+07,1.554252147599999967e+00,0.000000000000000000e+00
9.936653200000000000e+07,1.583577728200000090e+00,0.000000000000000000e+00
9.937046000000000000e+07,1.598240470799999979e+00,0.000000000000000000e+00
9.937437200000000000e+07,1.583577728200000090e+00,0.000000000000000000e+00
9.937830000000000000e+07,1.564027404700000012e+00,0.000000000000000000e+00
9.938220400000000000e+07,1.583577728200000090e+00,0.000000000000000000e+00
9.938613200000000000e+07,1.637341117799999912e+00,0.000000000000000000e+00
9.939005600000000000e+07,1.671554183900000101e+00,0.000000000000000000e+00
9.939398000000000000e+07,1.652003860400000024e+00,0.000000000000000000e+00
9.939789200000000000e+07,1.627565956099999989e+00,0.000000000000000000e+00
9.940181200000000000e+07,1.642228698700000100e+00,0.000000000000000000e+00
9.940573600000000000e+07,1.686216926499999991e+00,0.000000000000000000e+00
9.940966400000000000e+07,1.710654973900000098e+00,0.000000000000000000e+00
9.941358000000000000e+07,1.691104650400000020e+00,0.000000000000000000e+00
9.941750000000000000e+07,1.656891441299999990e+00,0.000000000000000000e+00
9.942143200000000000e+07,1.671554183900000101e+00,0.000000000000000000e+00
9.942534800000000000e+07,1.720430135700000029e+00,0.000000000000000000e+00
9.942925600000000000e+07,1.808406638999999982e+00,0.000000000000000000e+00
9.943316400000000000e+07,1.920821094499999937e+00,0.000000000000000000e+00
9.943706800000000000e+07,2.091886520300000107e+00,0.000000000000000000e+00
9.944098000000000000e+07,2.365591287600000037e+00,0.000000000000000000e+00
9.944491200000000000e+07,2.732160329800000120e+00,0.000000000000000000e+00
9.944882800000000000e+07,3.059628486599999864e+00,0.000000000000000000e+00
9.945275200000000000e+07,3.245356798099999995e+00,0.000000000000000000e+00
9.945668000000000000e+07,3.186705827699999993e+00,0.000000000000000000e+00
9.946060000000000000e+07,2.937438964800000107e+00,0.000000000000000000e+00
9.946451600000000000e+07,2.561094760800000092e+00,0.000000000000000000e+00
9.946842800000000000e+07,2.116324424700000151e+00,0.000000000000000000e+00
9.947235600000000000e+07,1.681329345700000033e+00,0.000000000000000000e+00
9.947628400000000000e+07,1.334310889199999961e+00,0.000000000000000000e+00
9.948020000000000000e+07,1.143694996800000085e+00,0.000000000000000000e+00
9.948411200000000000e+07,1.133919834999999932e+00,0.000000000000000000e+00
9.948803600000000000e+07,1.236559152599999933e+00,0.000000000000000000e+00
9.949195600000000000e+07,1.344086050900000107e+00,0.000000000000000000e+00
9.949586400000000000e+07,1.432062530500000097e+00,0.000000000000000000e+00
9.949978000000000000e+07,1.529814243299999932e+00,0.000000000000000000e+00
9.950370800000000000e+07,1.642228698700000100e+00,0.000000000000000000e+00
9.950763600000000000e+07,1.735092878299999919e+00,0.000000000000000000e+00
9.951155600000000000e+07,1.764418363499999920e+00,0.000000000000000000e+00
9.951548000000000000e+07,1.739980459200000107e+00,0.000000000000000000e+00
9.951939600000000000e+07,1.735092878299999919e+00,0.000000000000000000e+00
9.952332000000000000e+07,1.744868040000000065e+00,0.000000000000000000e+00
9.952722000000000000e+07,1.735092878299999919e+00,0.000000000000000000e+00
9.953114000000000000e+07,1.686216926499999991e+00,0.000000000000000000e+00
9.953506400000000000e+07,1.593352890000000022e+00,0.000000000000000000e+00
9.953898000000000000e+07,1.510263919800000076e+00,0.000000000000000000e+00
9.954289200000000000e+07,1.471163272799999922e+00,0.000000000000000000e+00
9.954682000000000000e+07,1.446725368400000100e+00,0.000000000000000000e+00
9.955074800000000000e+07,1.397849445300000104e+00,0.000000000000000000e+00
9.955466800000000000e+07,1.304985284800000089e+00,0.000000000000000000e+00
9.955858800000000000e+07,1.207233667299999924e+00,0.000000000000000000e+00
9.956250400000000000e+07,1.148582577700000051e+00,0.000000000000000000e+00
9.956642800000000000e+07,1.119257092400000042e+00,0.000000000000000000e+00
9.957034800000000000e+07,1.075268864599999930e+00,0.000000000000000000e+00
9.957425600000000000e+07,1.006842613199999903e+00,0.000000000000000000e+00
9.957817600000000000e+07,9.384163855999999582e-01,0.000000000000000000e+00
9.958208400000000000e+07,9.188660620999999917e-01,0.000000000000000000e+00
9.958598800000000000e+07,9.188660620999999917e-01,0.000000000000000000e+00
9.958990000000000000e+07,9.188660620999999917e-01,0.000000000000000000e+00
9.959381200000000000e+07,8.895405768999999907e-01,0.000000000000000000e+00
9.959771600000000000e+07,8.748778342999999902e-01,0.000000000000000000e+00
9.960163600000000000e+07,8.651026724999999473e-01,0.000000000000000000e+00
9.960555200000000000e+07,9.090909003999999571e-01,0.000000000000000000e+00
9.960943600000000000e+07,9.481915472999999928e-01,0.000000000000000000e+00
9.961335600000000000e+07,9.530791281999999587e-01,0.000000000000000000e+00
9.961726800000000000e+07,9.237536429999999577e-01,0.000000000000000000e+00
9.962118000000000000e+07,9.335288046999999922e-01,0.000000000000000000e+00
9.962508000000000000e+07,1.001955032299999937e+00,0.000000000000000000e+00
9.962898000000000000e+07,1.075268864599999930e+00,0.000000000000000000e+00
9.963288800000000000e+07,1.080156440699999942e+00,0.000000000000000000e+00
9.963679200000000000e+07,1.070381283699999964e+00,0.000000000000000000e+00
9.964070400000000000e+07,1.089931602400000088e+00,0.000000000000000000e+00
9.964461600000000000e+07,1.143694996800000085e+00,0.000000000000000000e+00
9.964853600000000000e+07,1.217008829100000078e+00,0.000000000000000000e+00
9.965244400000000000e+07,1.217008829100000078e+00,0.000000000000000000e+00
9.965635600000000000e+07,1.202346086499999966e+00,0.000000000000000000e+00
9.966026800000000000e+07,1.207233667299999924e+00,0.000000000000000000e+00
9.966418000000000000e+07,1.256109476000000003e+00,0.000000000000000000e+00
9.966808400000000000e+07,1.300097703899999901e+00,0.000000000000000000e+00
9.967198000000000000e+07,1.314760565700000106e+00,0.000000000000000000e+00
9.967590000000000000e+07,1.295210122999999935e+00,0.000000000000000000e+00
9.967982000000000000e+07,1.300097703899999901e+00,0.000000000000000000e+00
9.968372800000000000e+07,1.358748793600000004e+00,0.000000000000000000e+00
9.968765200000000000e+07,1.402737045200000088e+00,0.000000000000000000e+00
9.969156800000000000e+07,1.422287368699999943e+00,0.000000000000000000e+00
9.969548400000000000e+07,1.397849445300000104e+00,0.000000000000000000e+00
9.969940400000000000e+07,1.388074283499999950e+00,0.000000000000000000e+00
9.970332800000000000e+07,1.417399787899999986e+00,0.000000000000000000e+00
9.970724800000000000e+07,1.456500530200000032e+00,0.000000000000000000e+00
9.971115600000000000e+07,1.476050853700000109e+00,0.000000000000000000e+00
9.971506400000000000e+07,1.427174949599999909e+00,0.000000000000000000e+00
9.971898800000000000e+07,1.392961864399999916e+00,0.000000000000000000e+00
9.972290800000000000e+07,1.392961864399999916e+00,0.000000000000000000e+00
9.972682800000000000e+07,1.407624626100000054e+00,0.000000000000000000e+00
9.973074800000000000e+07,1.383186702699999993e+00,0.000000000000000000e+00
9.973466800000000000e+07,1.314760565700000106e+00,0.000000000000000000e+00
9.973858000000000000e+07,1.256109476000000003e+00,0.000000000000000000e+00
9.974249200000000000e+07,1.241446733399999891e+00,0.000000000000000000e+00
9.974642000000000000e+07,1.265884637799999934e+00,0.000000000000000000e+00
9.975034000000000000e+07,1.265884637799999934e+00,0.000000000000000000e+00
9.975425200000000000e+07,1.236559152599999933e+00,0.000000000000000000e+00
9.975816800000000000e+07,1.212121248199999890e+00,0.000000000000000000e+00
9.976208400000000000e+07,1.236559152599999933e+00,0.000000000000000000e+00
9.976601200000000000e+07,1.300097703899999901e+00,0.000000000000000000e+00
9.976991600000000000e+07,1.353861212700000038e+00,0.000000000000000000e+00
9.977385600000000000e+07,1.368523955299999928e+00,0.000000000000000000e+00
9.977778000000000000e+07,1.392961864399999916e+00,0.000000000000000000e+00
9.978170400000000000e+07,1.466275691899999956e+00,0.000000000000000000e+00
9.978562000000000000e+07,1.564027404700000012e+00,0.000000000000000000e+00
9.978953200000000000e+07,1.656891441299999990e+00,0.000000000000000000e+00
9.979346000000000000e+07,1.695992231299999986e+00,0.000000000000000000e+00
9.979739200000000000e+07,1.705767393099999918e+00,0.000000000000000000e+00
9.980131200000000000e+07,1.739980459200000107e+00,0.000000000000000000e+00
9.980522800000000000e+07,1.793743848799999929e+00,0.000000000000000000e+00
9.980914800000000000e+07,1.837732219600000105e+00,0.000000000000000000e+00
9.981307200000000000e+07,1.837732219600000105e+00,0.000000000000000000e+00
9.981699600000000000e+07,1.823069476999999994e+00,0.000000000000000000e+00
9.982092000000000000e+07,1.847507381400000037e+00,0.000000000000000000e+00
9.982484000000000000e+07,1.906158351800000039e+00,0.000000000000000000e+00
9.982875600000000000e+07,1.950146675100000060e+00,0.000000000000000000e+00
9.983268000000000000e+07,1.959921836799999983e+00,0.000000000000000000e+00
9.983660800000000000e+07,1.950146675100000060e+00,0.000000000000000000e+00
9.984053600000000000e+07,1.959921836799999983e+00,0.000000000000000000e+00
9.984445200000000000e+07,2.008797645500000062e+00,0.000000000000000000e+00
9.984836400000000000e+07,2.052785873399999961e+00,0.000000000000000000e+00
9.985226800000000000e+07,2.052785873399999961e+00,0.000000000000000000e+00
9.985618400000000000e+07,2.028347968999999917e+00,0.000000000000000000e+00
9.986009200000000000e+07,2.018572807299999994e+00,0.000000000000000000e+00
9.986401200000000000e+07,2.057673454200000140e+00,0.000000000000000000e+00
9.986793200000000000e+07,2.096774101199999851e+00,0.000000000000000000e+00
9.987183600000000000e+07,2.086998939499999928e+00,0.000000000000000000e+00
9.987574000000000000e+07,2.047898292500000217e+00,0.000000000000000000e+00
9.987965200000000000e+07,2.023460388100000173e+00,0.000000000000000000e+00
9.988356400000000000e+07,2.052785873399999961e+00,0.000000000000000000e+00
9.988748400000000000e+07,2.106549262999999783e+00,0.000000000000000000e+00
9.989140400000000000e+07,2.116324424700000151e+00,0.000000000000000000e+00
9.989533200000000000e+07,2.077223777699999996e+00,0.000000000000000000e+00
9.989923600000000000e+07,2.052785873399999961e+00,0.000000000000000000e+00
9.990315600000000000e+07,2.082111358600000184e+00,0.000000000000000000e+00
9.990707600000000000e+07,2.106549262999999783e+00,0.000000000000000000e+00
9.991099600000000000e+07,2.101661682100000039e+00,0.000000000000000000e+00
9.991491600000000000e+07,2.057673454200000140e+00,0.000000000000000000e+00
9.991882800000000000e+07,2.028347968999999917e+00,0.000000000000000000e+00
9.992274000000000000e+07,2.043010711600000029e+00,0.000000000000000000e+00
9.992665200000000000e+07,2.082111358600000184e+00,0.000000000000000000e+00
9.993057200000000000e+07,2.101661682100000039e+00,0.000000000000000000e+00
9.993449200000000000e+07,2.057673454200000140e+00,0.000000000000000000e+00
9.993840400000000000e+07,2.033235549900000105e+00,0.000000000000000000e+00
9.994231600000000000e+07,2.067448616000000072e+00,0.000000000000000000e+00
9.994622000000000000e+07,2.130987405700000004e+00,0.000000000000000000e+00
9.995012400000000000e+07,2.174975633599999902e+00,0.000000000000000000e+00
9.995405200000000000e+07,2.165200471799999971e+00,0.000000000000000000e+00
9.995797200000000000e+07,2.126099824899999824e+00,0.000000000000000000e+00
9.996189200000000000e+07,2.145650148300000115e+00,0.000000000000000000e+00
9.996580400000000000e+07,2.194525957100000202e+00,0.000000000000000000e+00
9.996973200000000000e+07,2.233626603999999904e+00,0.000000000000000000e+00
9.997364400000000000e+07,2.218963861399999793e+00,0.000000000000000000e+00
9.997756400000000000e+07,2.194525957100000202e+00,0.000000000000000000e+00
9.998149200000000000e+07,2.204301118800000125e+00,0.000000000000000000e+00
9.998540400000000000e+07,2.248289346600000016e+00,0.000000000000000000e+00
9.998933200000000000e+07,2.292277574499999915e+00,0.000000000000000000e+00
9.999325200000000000e+07,2.258064508399999948e+00,0.000000000000000000e+00
9.999716400000000000e+07,2.223851442299999981e+00,0.000000000000000000e+00
1.000010840000000000e+08,2.218963861399999793e+00,0.000000000000000000e+00
1.000050440000000000e+08,2.267839670099999871e+00,0.000000000000000000e+00
1.000090040000000000e+08,2.277614831899999803e+00,0.000000000000000000e+00
1.000129560000000000e+08,2.238514184900000092e+00,0.000000000000000000e+00
1.000169240000000000e+08,2.179863214400000082e+00,0.000000000000000000e+00
1.000208920000000000e+08,2.160312890999999791e+00,0.000000000000000000e+00
1.000248440000000000e+08,2.179863214400000082e+00,0.000000000000000000e+00
1.000288040000000000e+08,2.214076280500000049e+00,0.000000000000000000e+00
1.000327560000000000e+08,2.179863214400000082e+00,0.000000000000000000e+00
1.000367160000000000e+08,2.135874986600000192e+00,0.000000000000000000e+00
1.000406760000000000e+08,2.116324424700000151e+00,0.000000000000000000e+00
1.000446440000000000e+08,2.135874986600000192e+00,0.000000000000000000e+00
1.000486040000000000e+08,2.160312890999999791e+00,0.000000000000000000e+00
1.000525560000000000e+08,2.140762567499999935e+00,0.000000000000000000e+00
1.000565160000000000e+08,2.096774101199999851e+00,0.000000000000000000e+00
1.000604680000000000e+08,2.091886520300000107e+00,0.000000000000000000e+00
1.000644200000000000e+08,2.116324424700000151e+00,0.000000000000000000e+00
1.000683840000000000e+08,2.140762567499999935e+00,0.000000000000000000e+00
1.000723400000000000e+08,2.106549262999999783e+00,0.000000000000000000e+00
1.000762920000000000e+08,2.047898292500000217e+00,0.000000000000000000e+00
1.000802440000000000e+08,2.033235549900000105e+00,0.000000000000000000e+00
1.000841960000000000e+08,2.047898292500000217e+00,0.000000000000000000e+00
1.000881560000000000e+08,2.067448616000000072e+00,0.000000000000000000e+00
1.000921000000000000e+08,2.033235549900000105e+00,0.000000000000000000e+00
1.000960560000000000e+08,1.969696998499999907e+00,0.000000000000000000e+00
1.001000040000000000e+08,1.911045932700000005e+00,0.000000000000000000e+00
1.001039680000000000e+08,1.906158351800000039e+00,0.000000000000000000e+00
1.001079280000000000e+08,1.920821094499999937e+00,0.000000000000000000e+00
1.001118840000000000e+08,1.876832866600000038e+00,0.000000000000000000e+00
1.001158440000000000e+08,1.818181896200000036e+00,0.000000000000000000e+00
1.001198120000000000e+08,1.788856267899999963e+00,0.000000000000000000e+00
1.001237760000000000e+08,1.808406638999999982e+00,0.000000000000000000e+00
1.001277120000000000e+08,1.847507381400000037e+00,0.000000000000000000e+00
1.001316720000000000e+08,1.852394962300000003e+00,0.000000000000000000e+00
1.001356360000000000e+08,1.818181896200000036e+00,0.000000000000000000e+00
1.001396040000000000e+08,1.803519058200000025e+00,0.000000000000000000e+00
1.001435600000000000e+08,1.837732219600000105e+00,0.000000000000000000e+00
1.001475240000000000e+08,1.876832866600000038e+00,0.000000000000000000e+00
1.001514880000000000e+08,1.871945285700000072e+00,0.000000000000000000e+00
1.001554480000000000e+08,1.852394962300000003e+00,0.000000000000000000e+00
1.001594040000000000e+08,1.813294315300000070e+00,0.000000000000000000e+00
1.001633760000000000e+08,1.842619800500000071e+00,0.000000000000000000e+00
1.001673280000000000e+08,1.896383190099999894e+00,0.000000000000000000e+00
1.001712760000000000e+08,1.911045932700000005e+00,0.000000000000000000e+00
1.001752320000000000e+08,1.906158351800000039e+00,0.000000000000000000e+00
1.001791880000000000e+08,1.950146675100000060e+00,0.000000000000000000e+00
1.001831320000000000e+08,2.101661682100000039e+00,0.000000000000000000e+00
1.001870840000000000e+08,2.321603059700000138e+00,0.000000000000000000e+00
1.001910360000000000e+08,2.590420246099999879e+00,0.000000000000000000e+00
1.001949960000000000e+08,2.878787994300000097e+00,0.000000000000000000e+00
1.001989560000000000e+08,3.176930665900000061e+00,0.000000000000000000e+00
1.002029160000000000e+08,3.455523014000000170e+00,0.000000000000000000e+00
1.002068760000000000e+08,3.582600116700000115e+00,0.000000000000000000e+00
1.002108360000000000e+08,3.411534786199999836e+00,0.000000000000000000e+00
1.002148040000000000e+08,3.020527839600000153e+00,0.000000000000000000e+00
1.002187480000000000e+08,2.531769275599999869e+00,0.000000000000000000e+00
1.002227080000000000e+08,2.101661682100000039e+00,0.000000000000000000e+00
1.002266760000000000e+08,1.793743848799999929e+00,0.000000000000000000e+00
1.002306400000000000e+08,1.593352890000000022e+00,0.000000000000000000e+00
1.002345920000000000e+08,1.485826015400000033e+00,0.000000000000000000e+00
1.002385480000000000e+08,1.505376338900000110e+00,0.000000000000000000e+00
1.002425000000000000e+08,1.642228698700000100e+00,0.000000000000000000e+00
1.002464560000000000e+08,1.837732219600000105e+00,0.000000000000000000e+00
1.002504240000000000e+08,1.999022483799999916e+00,0.000000000000000000e+00
1.002543800000000000e+08,2.096774101199999851e+00,0.000000000000000000e+00
1.002583400000000000e+08,2.165200471799999971e+00,0.000000000000000000e+00
1.002622840000000000e+08,2.243401765799999836e+00,0.000000000000000000e+00
1.002662360000000000e+08,2.341153383199999993e+00,0.000000000000000000e+00
1.002701960000000000e+08,2.424242496399999780e+00,0.000000000000000000e+00
1.002741400000000000e+08,2.473118305199999867e+00,0.000000000000000000e+00
1.002781120000000000e+08,2.497556209499999902e+00,0.000000000000000000e+00
1.002820680000000000e+08,2.556207179999999912e+00,0.000000000000000000e+00
1.002860200000000000e+08,2.644183874099999887e+00,0.000000000000000000e+00
1.002899920000000000e+08,2.702834844499999889e+00,0.000000000000000000e+00
1.002939480000000000e+08,2.707722425400000077e+00,0.000000000000000000e+00
1.002979080000000000e+08,2.712610006299999821e+00,0.000000000000000000e+00
1.003018680000000000e+08,2.746823072399999788e+00,0.000000000000000000e+00
1.003058200000000000e+08,2.805474090500000184e+00,0.000000000000000000e+00
1.003097640000000000e+08,2.825024414000000039e+00,0.000000000000000000e+00
1.003137240000000000e+08,2.790811300200000122e+00,0.000000000000000000e+00
1.003176760000000000e+08,2.737047910599999856e+00,0.000000000000000000e+00
1.003216360000000000e+08,2.722385168000000188e+00,0.000000000000000000e+00
1.003256000000000000e+08,2.741935491500000044e+00,0.000000000000000000e+00
1.003295560000000000e+08,2.751710653299999976e+00,0.000000000000000000e+00
1.003335160000000000e+08,2.712610006299999821e+00,0.000000000000000000e+00
1.003374680000000000e+08,2.673509359300000110e+00,0.000000000000000000e+00
1.003414280000000000e+08,2.668621778399999922e+00,0.000000000000000000e+00
1.003453920000000000e+08,2.702834844499999889e+00,0.000000000000000000e+00
1.003493480000000000e+08,2.727272748899999932e+00,0.000000000000000000e+00
1.003533160000000000e+08,2.688172101900000222e+00,0.000000000000000000e+00
1.003572600000000000e+08,2.644183874099999887e+00,0.000000000000000000e+00
1.003612120000000000e+08,2.658846616699999998e+00,0.000000000000000000e+00
1.003651800000000000e+08,2.683284521100000042e+00,0.000000000000000000e+00
1.003691400000000000e+08,2.707722425400000077e+00,0.000000000000000000e+00
1.003731000000000000e+08,2.678396940199999854e+00,0.000000000000000000e+00
1.003770520000000000e+08,2.614858150399999914e+00,0.000000000000000000e+00
1.003810120000000000e+08,2.600195407799999803e+00,0.000000000000000000e+00
1.003849600000000000e+08,2.624633312199999846e+00,0.000000000000000000e+00
1.003889160000000000e+08,2.649071455000000075e+00,0.000000000000000000e+00
1.003928600000000000e+08,2.619745731300000102e+00,0.000000000000000000e+00
1.003968280000000000e+08,2.565982341699999836e+00,0.000000000000000000e+00
1.004007880000000000e+08,2.556207179999999912e+00,0.000000000000000000e+00
1.004047400000000000e+08,2.580645084299999947e+00,0.000000000000000000e+00
1.004086920000000000e+08,2.609970569600000179e+00,0.000000000000000000e+00
1.004126440000000000e+08,2.590420246099999879e+00,0.000000000000000000e+00
1.004165880000000000e+08,2.536656856500000057e+00,0.000000000000000000e+00
1.004205480000000000e+08,2.526881694700000125e+00,0.000000000000000000e+00
1.004245080000000000e+08,2.561094760800000092e+00,0.000000000000000000e+00
1.004284600000000000e+08,2.595307826900000059e+00,0.000000000000000000e+00
1.004324120000000000e+08,2.575757503500000212e+00,0.000000000000000000e+00
1.004363720000000000e+08,2.517106533000000201e+00,0.000000000000000000e+00
1.004403240000000000e+08,2.492668628600000158e+00,0.000000000000000000e+00
1.004442760000000000e+08,2.521994113899999945e+00,0.000000000000000000e+00
1.004482280000000000e+08,2.536656856500000057e+00,0.000000000000000000e+00
1.004521960000000000e+08,2.507331371299999834e+00,0.000000000000000000e+00
1.004561480000000000e+08,2.438905239099999900e+00,0.000000000000000000e+00
1.004601080000000000e+08,2.394917011200000001e+00,0.000000000000000000e+00
1.004640680000000000e+08,2.375366687700000146e+00,0.000000000000000000e+00
1.004680280000000000e+08,2.365591287600000037e+00,0.000000000000000000e+00
1.004719880000000000e+08,2.306940317100000026e+00,0.000000000000000000e+00
